,rate,state,county,id
0,446,1,001,01001
1,2887,1,003,01003
2,130,1,005,01005
3,547,1,007,01007
4,299,1,009,01009
5,46,1,011,01011
6,144,1,013,01013
7,812,1,015,01015
8,181,1,017,01017
9,82,1,019,01019
10,547,1,021,01021
11,157,1,023,01023
12,176,1,025,01025
13,66,1,027,01027
14,273,1,029,01029
15,374,1,031,01031
16,1481,1,033,01033
17,90,1,035,01035
18,25,1,037,01037
19,468,1,039,01039
20,146,1,041,01041
21,1159,1,043,01043
22,710,1,045,01045
23,286,1,047,01047
24,659,1,049,01049
25,630,1,051,01051
26,433,1,053,01053
27,1086,1,055,01055
28,126,1,057,01057
29,215,1,059,01059
30,146,1,061,01061
31,32,1,063,01063
32,178,1,065,01065
33,227,1,067,01067
34,2157,1,069,01069
35,416,1,071,01071
36,16361,1,073,01073
37,186,1,075,01075
38,1070,1,077,01077
39,219,1,079,01079
40,1855,1,081,01081
41,1596,1,083,01083
42,155,1,085,01085
43,73,1,087,01087
44,4604,1,089,01089
45,269,1,091,01091
46,153,1,093,01093
47,873,1,095,01095
48,9439,1,097,01097
49,67,1,099,01099
50,4369,1,101,01101
51,3362,1,103,01103
52,41,1,105,01105
53,70,1,107,01107
54,493,1,109,01109
55,114,1,111,01111
56,591,1,113,01113
57,1109,1,115,01115
58,4620,1,117,01117
59,62,1,119,01119
60,914,1,121,01121
61,415,1,123,01123
62,4222,1,125,01125
63,458,1,127,01127
64,212,1,129,01129
65,86,1,131,01131
66,133,1,133,01133
67,0,2,013,02013
68,25,2,016,02016
69,7440,2,020,02020
70,59,2,050,02050
71,27,2,060,02060
72,18,2,068,02068
73,14,2,070,02070
74,2031,2,090,02090
75,69,2,100,02100
76,24,2,105,02105
77,531,2,110,02110
78,708,2,122,02122
79,265,2,130,02130
80,145,2,150,02150
81,9,2,164,02164
82,1380,2,170,02170
83,52,2,180,02180
84,236,2,185,02185
85,38,2,188,02188
86,21,2,195,02195
87,43,2,198,02198
88,195,2,220,02220
89,23,2,230,02230
90,66,2,240,02240
91,61,2,261,02261
92,17,2,275,02275
93,0,2,282,02282
94,26,2,290,02290
95,468,4,001,04001
96,1401,4,003,04003
97,1801,4,005,04005
98,753,4,007,04007
99,389,4,009,04009
100,238,4,011,04011
101,93,4,012,04012
102,82322,4,013,04013
103,1532,4,015,04015
104,884,4,017,04017
105,13714,4,019,04019
106,1591,4,021,04021
107,271,4,023,04023
108,3335,4,025,04025
109,2576,4,027,04027
110,324,5,001,05001
111,741,5,003,05003
112,651,5,005,05005
113,3743,5,007,05007
114,789,5,009,05009
115,125,5,011,05011
116,81,5,013,05013
117,300,5,015,05015
118,185,5,017,05017
119,136,5,019,05019
120,126,5,021,05021
121,304,5,023,05023
122,45,5,025,05025
123,443,5,027,05027
124,580,5,029,05029
125,1720,5,031,05031
126,875,5,033,05033
127,416,5,035,05035
128,336,5,037,05037
129,71,5,039,05039
130,107,5,041,05041
131,116,5,043,05043
132,2670,5,045,05045
133,118,5,047,05047
134,62,5,049,05049
135,1733,5,051,05051
136,146,5,053,05053
137,605,5,055,05055
138,1183,5,057,05057
139,429,5,059,05059
140,139,5,061,05061
141,841,5,063,05063
142,156,5,065,05065
143,127,5,067,05067
144,1469,5,069,05069
145,146,5,071,05071
146,93,5,073,05073
147,62,5,075,05075
148,42,5,077,05077
149,83,5,079,05079
150,424,5,081,05081
151,256,5,083,05083
152,716,5,085,05085
153,83,5,087,05087
154,298,5,089,05089
155,922,5,091,05091
156,659,5,093,05093
157,67,5,095,05095
158,86,5,097,05097
159,49,5,099,05099
160,21,5,101,05101
161,489,5,103,05103
162,101,5,105,05105
163,145,5,107,05107
164,26,5,109,05109
165,112,5,111,05111
166,210,5,113,05113
167,1526,5,115,05115
168,141,5,117,05117
169,9874,5,119,05119
170,105,5,121,05121
171,222,5,123,05123
172,1887,5,125,05125
173,22,5,127,05127
174,10,5,129,05129
175,2685,5,131,05131
176,98,5,133,05133
177,145,5,135,05135
178,55,5,137,05137
179,1305,5,139,05139
180,287,5,141,05141
181,3738,5,143,05143
182,1267,5,145,05145
183,38,5,147,05147
184,162,5,149,05149
185,31849,6,001,06001
186,13,6,003,06003
187,243,6,005,06005
188,2195,6,007,06007
189,620,6,009,06009
190,124,6,011,06011
191,19051,6,013,06013
192,132,6,015,06015
193,3213,6,017,06017
194,11306,6,019,06019
195,290,6,021,06021
196,1642,6,023,06023
197,1211,6,025,06025
198,137,6,027,06027
199,15669,6,029,06029
200,798,6,031,06031
201,305,6,033,06033
202,117,6,035,06035
203,108661,6,037,06037
204,1105,6,039,06039
205,5433,6,041,06041
206,149,6,043,06043
207,933,6,045,06045
208,1725,6,047,06047
209,53,6,049,06049
210,320,6,051,06051
211,3881,6,053,06053
212,2344,6,055,06055
213,2091,6,057,06057
214,71490,6,059,06059
215,7979,6,061,06061
216,178,6,063,06063
217,34424,6,065,06065
218,22374,6,067,06067
219,691,6,069,06069
220,26257,6,071,06071
221,55587,6,073,06073
222,14700,6,075,06075
223,7553,6,077,06077
224,4956,6,079,06079
225,14945,6,081,06081
226,6656,6,083,06083
227,32441,6,085,06085
228,3056,6,087,06087
229,2272,6,089,06089
230,56,6,091,06091
231,327,6,093,06093
232,7947,6,095,06095
233,8444,6,097,06097
234,5659,6,099,06099
235,729,6,101,06101
236,364,6,103,06103
237,39,6,105,06105
238,3715,6,107,06107
239,548,6,109,06109
240,11411,6,111,06111
241,3042,6,113,06113
242,471,6,115,06115
243,13303,8,001,08001
244,342,8,003,08003
245,14225,8,005,08005
246,194,8,007,08007
247,32,8,009,08009
248,9,8,011,08011
249,3494,8,013,08013
250,1411,8,014,08014
251,461,8,015,08015
252,9,8,017,08017
253,152,8,019,08019
254,61,8,021,08021
255,11,8,023,08023
256,28,8,025,08025
257,112,8,027,08027
258,283,8,029,08029
259,14252,8,031,08031
260,23,8,033,08033
261,5361,8,035,08035
262,1943,8,037,08037
263,531,8,039,08039
264,10637,8,041,08041
265,472,8,043,08043
266,2415,8,045,08045
267,34,8,047,08047
268,509,8,049,08049
269,517,8,051,08051
270,44,8,053,08053
271,39,8,055,08055
272,24,8,057,08057
273,10380,8,059,08059
274,10,8,061,08061
275,80,8,063,08063
276,97,8,065,08065
277,1638,8,067,08067
278,6580,8,069,08069
279,357,8,071,08071
280,97,8,073,08073
281,309,8,075,08075
282,3460,8,077,08077
283,23,8,079,08079
284,224,8,081,08081
285,311,8,083,08083
286,737,8,085,08085
287,1292,8,087,08087
288,129,8,089,08089
289,125,8,091,08091
290,192,8,093,08093
291,32,8,095,08095
292,594,8,097,08097
293,158,8,099,08099
294,2873,8,101,08101
295,252,8,103,08103
296,125,8,105,08105
297,962,8,107,08107
298,36,8,109,08109
299,7,8,111,08111
300,368,8,113,08113
301,14,8,115,08115
302,868,8,117,08117
303,198,8,119,08119
304,32,8,121,08121
305,6557,8,123,08123
306,138,8,125,08125
307,11473,9,001,09001
308,14262,9,003,09003
309,3363,9,005,09005
310,2516,9,007,09007
311,11774,9,009,09009
312,3373,9,011,09011
313,1707,9,013,09013
314,1093,9,015,09015
315,1887,10,001,10001
316,12168,10,003,10003
317,3588,10,005,10005
318,3752,12,001,12001
319,182,12,003,12003
320,3594,12,005,12005
321,234,12,007,12007
322,7675,12,009,12009
323,30345,12,011,12011
324,127,12,013,12013
325,2260,12,015,12015
326,2316,12,017,12017
327,2228,12,019,12019
328,9871,12,021,12021
329,1139,12,023,12023
330,260,12,027,12027
331,172,12,029,12029
332,20497,12,031,12031
333,8309,12,033,12033
334,755,12,035,12035
335,130,12,037,12037
336,666,12,039,12039
337,104,12,041,12041
338,42,12,043,12043
339,194,12,045,12045
340,97,12,047,12047
341,204,12,049,12049
342,359,12,051,12051
343,1995,12,053,12053
344,878,12,055,12055
345,27224,12,057,12057
346,155,12,059,12059
347,2608,12,061,12061
348,771,12,063,12063
349,107,12,065,12065
350,62,12,067,12067
351,4975,12,069,12069
352,15947,12,071,12071
353,4908,12,073,12073
354,792,12,075,12075
355,715,12,077,12077
356,82,12,079,12079
357,6032,12,081,12081
358,5135,12,083,12083
359,3675,12,085,12085
360,30520,12,086,12086
361,1610,12,087,12087
362,678,12,089,12089
363,4348,12,091,12091
364,600,12,093,12093
365,24519,12,095,12095
366,3613,12,097,12097
367,22487,12,099,12099
368,6439,12,101,12101
369,16931,12,103,12103
370,9438,12,105,12105
371,819,12,107,12107
372,2392,12,109,12109
373,3017,12,111,12111
374,2651,12,113,12113
375,8410,12,115,12115
376,11769,12,117,12117
377,2377,12,119,12119
378,352,12,121,12121
379,513,12,123,12123
380,104,12,125,12125
381,7155,12,127,12127
382,233,12,129,12129
383,1701,12,131,12131
384,797,12,133,12133
385,357,13,001,13001
386,0,13,003,13003
387,34,13,005,13005
388,376,13,009,13009
389,173,13,011,13011
390,802,13,013,13013
391,1169,13,015,13015
392,65,13,017,13017
393,65,13,019,13019
394,2010,13,021,13021
395,112,13,023,13023
396,173,13,025,13025
397,88,13,027,13027
398,393,13,029,13029
399,1026,13,031,13031
400,112,13,033,13033
401,105,13,035,13035
402,31,13,037,13037
403,352,13,039,13039
404,148,13,043,13043
405,1799,13,045,13045
406,373,13,047,13047
407,48,13,049,13049
408,4991,13,051,13051
409,347,13,053,13053
410,127,13,055,13055
411,3007,13,057,13057
412,1239,13,059,13059
413,115,13,061,13061
414,2770,13,063,13063
415,31,13,065,13065
416,17142,13,067,13067
417,451,13,069,13069
418,392,13,071,13071
419,1786,13,073,13073
420,187,13,075,13075
421,1017,13,077,13077
422,59,13,079,13079
423,119,13,081,13081
424,175,13,083,13083
425,190,13,085,13085
426,274,13,087,13087
427,9253,13,089,13089
428,74,13,091,13091
429,14,13,093,13093
430,1599,13,095,13095
431,2116,13,097,13097
432,182,13,099,13099
433,52,13,101,13101
434,316,13,103,13103
435,115,13,105,13105
436,129,13,107,13107
437,214,13,109,13109
438,188,13,111,13111
439,2035,13,113,13113
440,667,13,115,13115
441,4649,13,117,13117
442,172,13,119,13119
443,14051,13,121,13121
444,161,13,123,13123
445,1684,13,127,13127
446,502,13,129,13129
447,149,13,131,13131
448,621,13,133,13133
449,15235,13,135,13135
450,349,13,137,13137
451,2781,13,139,13139
452,26,13,141,13141
453,302,13,143,13143
454,228,13,145,13145
455,246,13,147,13147
456,237,13,149,13149
457,1559,13,151,13151
458,1038,13,153,13153
459,36,13,155,13155
460,586,13,157,13157
461,94,13,159,13159
462,36,13,161,13161
463,163,13,163,13163
464,32,13,165,13165
465,108,13,167,13167
466,319,13,169,13169
467,62,13,171,13171
468,24,13,173,13173
469,892,13,175,13175
470,707,13,177,13177
471,512,13,179,13179
472,207,13,181,13181
473,39,13,183,13183
474,1983,13,185,13185
475,283,13,187,13187
476,285,13,189,13189
477,54,13,191,13191
478,45,13,193,13193
479,295,13,195,13195
480,39,13,197,13197
481,263,13,199,13199
482,52,13,201,13201
483,109,13,205,13205
484,608,13,207,13207
485,37,13,209,13209
486,250,13,211,13211
487,97,13,213,13213
488,2871,13,215,13215
489,980,13,217,13217
490,346,13,219,13219
491,93,13,221,13221
492,1369,13,223,13223
493,324,13,225,13225
494,281,13,227,13227
495,275,13,229,13229
496,191,13,231,13231
497,342,13,233,13233
498,46,13,235,13235
499,322,13,237,13237
500,0,13,239,13239
501,271,13,241,13241
502,20,13,243,13243
503,3952,13,245,13245
504,2388,13,247,13247
505,10,13,249,13249
506,119,13,251,13251
507,31,13,253,13253
508,409,13,255,13255
509,236,13,257,13257
510,0,13,259,13259
511,305,13,261,13261
512,194,13,263,13263
513,185,13,267,13267
514,45,13,269,13269
515,60,13,271,13271
516,39,13,273,13273
517,636,13,275,13275
518,609,13,277,13277
519,424,13,279,13279
520,72,13,281,13281
521,23,13,283,13283
522,1146,13,285,13285
523,16,13,287,13287
524,45,13,289,13289
525,207,13,291,13291
526,387,13,293,13293
527,411,13,295,13295
528,1799,13,297,13297
529,525,13,299,13299
530,0,13,301,13301
531,261,13,303,13303
532,454,13,305,13305
533,4,13,309,13309
534,509,13,311,13311
535,955,13,313,13313
536,15,13,315,13315
537,95,13,317,13317
538,243,13,319,13319
539,147,13,321,13321
540,2982,15,001,15001
541,21833,15,003,15003
542,1430,15,007,15007
543,2814,15,009,15009
544,8822,16,001,16001
545,25,16,003,16003
546,1034,16,005,16005
547,38,16,007,16007
548,67,16,009,16009
549,606,16,011,16011
550,967,16,013,16013
551,43,16,015,16015
552,529,16,017,16017
553,1963,16,019,16019
554,151,16,021,16021
555,18,16,023,16023
556,26,16,025,16025
557,2700,16,027,16027
558,297,16,029,16029
559,363,16,031,16031
560,0,16,033,16033
561,97,16,035,16035
562,49,16,037,16037
563,240,16,039,16039
564,146,16,041,16041
565,122,16,043,16043
566,156,16,045,16045
567,188,16,047,16047
568,282,16,049,16049
569,378,16,051,16051
570,321,16,053,16053
571,2897,16,055,16055
572,367,16,057,16057
573,128,16,059,16059
574,44,16,061,16061
575,108,16,063,16063
576,291,16,065,16065
577,316,16,067,16067
578,575,16,069,16069
579,13,16,071,16071
580,96,16,073,16073
581,488,16,075,16075
582,157,16,077,16077
583,127,16,079,16079
584,197,16,081,16081
585,1017,16,083,16083
586,185,16,085,16085
587,60,16,087,16087
588,1085,17,001,17001
589,13,17,003,17003
590,156,17,005,17005
591,620,17,007,17007
592,209,17,009,17009
593,348,17,011,17011
594,20,17,013,17013
595,152,17,015,17015
596,133,17,017,17017
597,2538,17,019,17019
598,628,17,021,17021
599,315,17,023,17023
600,80,17,025,17025
601,942,17,027,17027
602,673,17,029,17029
603,57664,17,031,17031
604,374,17,033,17033
605,94,17,035,17035
606,1248,17,037,17037
607,324,17,039,17039
608,290,17,041,17041
609,19307,17,043,17043
610,133,17,045,17045
611,55,17,047,17047
612,990,17,049,17049
613,214,17,051,17051
614,156,17,053,17053
615,348,17,055,17055
616,326,17,057,17057
617,51,17,059,17059
618,74,17,061,17061
619,1174,17,063,17063
620,84,17,065,17065
621,153,17,067,17067
622,0,17,069,17069
623,33,17,071,17071
624,731,17,073,17073
625,355,17,075,17075
626,748,17,077,17077
627,90,17,079,17079
628,428,17,081,17081
629,217,17,083,17083
630,361,17,085,17085
631,28,17,087,17087
632,7185,17,089,17089
633,1075,17,091,17091
634,947,17,093,17093
635,416,17,095,17095
636,8800,17,097,17097
637,1312,17,099,17099
638,155,17,101,17101
639,284,17,103,17103
640,533,17,105,17105
641,141,17,107,17107
642,247,17,109,17109
643,4796,17,111,17111
644,2252,17,113,17113
645,3075,17,115,17115
646,506,17,117,17117
647,4334,17,119,17119
648,436,17,121,17121
649,128,17,123,17123
650,102,17,125,17125
651,70,17,127,17127
652,114,17,129,17129
653,123,17,131,17131
654,476,17,133,17133
655,285,17,135,17135
656,411,17,137,17137
657,222,17,139,17139
658,670,17,141,17141
659,3280,17,143,17143
660,220,17,145,17145
661,118,17,147,17147
662,238,17,149,17149
663,14,17,151,17151
664,45,17,153,17153
665,103,17,155,17155
666,384,17,157,17157
667,124,17,159,17159
668,2504,17,161,17161
669,3558,17,163,17163
670,355,17,165,17165
671,3047,17,167,17167
672,87,17,169,17169
673,40,17,171,17171
674,177,17,173,17173
675,44,17,175,17175
676,995,17,177,17177
677,2547,17,179,17179
678,183,17,181,17181
679,552,17,183,17183
680,330,17,185,17185
681,80,17,187,17187
682,1284,17,189,17189
683,108,17,191,17191
684,93,17,193,17193
685,491,17,195,17195
686,9891,17,197,17197
687,1153,17,199,17199
688,3454,17,201,17201
689,614,17,203,17203
690,331,18,001,18001
691,7903,18,003,18003
692,1367,18,005,18005
693,76,18,007,18007
694,22,18,009,18009
695,1438,18,011,18011
696,135,18,013,18013
697,230,18,015,18015
698,504,18,017,18017
699,1803,18,019,18019
700,180,18,021,18021
701,588,18,023,18023
702,36,18,025,18025
703,1312,18,027,18027
704,655,18,029,18029
705,234,18,031,18031
706,644,18,033,18033
707,1406,18,035,18035
708,1149,18,037,18037
709,2551,18,039,18039
710,106,18,041,18041
711,1360,18,043,18043
712,63,18,045,18045
713,176,18,047,18047
714,265,18,049,18049
715,423,18,051,18051
716,687,18,053,18053
717,233,18,055,18055
718,5712,18,057,18057
719,1052,18,059,18059
720,250,18,061,18061
721,1840,18,063,18063
722,461,18,065,18065
723,835,18,067,18067
724,341,18,069,18069
725,485,18,071,18071
726,797,18,073,18073
727,167,18,075,18075
728,280,18,077,18077
729,505,18,079,18079
730,1840,18,081,18081
731,448,18,083,18083
732,875,18,085,18085
733,362,18,087,18087
734,12410,18,089,18089
735,1522,18,091,18091
736,444,18,093,18093
737,1221,18,095,18095
738,23905,18,097,18097
739,449,18,099,18099
740,72,18,101,18101
741,387,18,103,18103
742,1919,18,105,18105
743,343,18,107,18107
744,809,18,109,18109
745,123,18,111,18111
746,343,18,113,18113
747,22,18,115,18115
748,403,18,117,18117
749,134,18,119,18119
750,79,18,121,18121
751,152,18,123,18123
752,27,18,125,18125
753,3996,18,127,18127
754,509,18,129,18129
755,111,18,131,18131
756,280,18,133,18133
757,220,18,135,18135
758,379,18,137,18137
759,157,18,139,18139
760,3668,18,141,18141
761,100,18,143,18143
762,730,18,145,18145
763,243,18,147,18147
764,89,18,149,18149
765,326,18,151,18151
766,187,18,153,18153
767,30,18,155,18155
768,2147,18,157,18157
769,205,18,159,18159
770,48,18,161,18161
771,6774,18,163,18163
772,612,18,165,18165
773,1805,18,167,18167
774,409,18,169,18169
775,56,18,171,18171
776,964,18,173,18173
777,186,18,175,18175
778,609,18,177,18177
779,333,18,179,18179
780,285,18,181,18181
781,400,18,183,18183
782,135,19,001,19001
783,33,19,003,19003
784,150,19,005,19005
785,75,19,007,19007
786,63,19,009,19009
787,321,19,011,19011
788,2330,19,013,19013
789,475,19,015,19015
790,360,19,017,19017
791,381,19,019,19019
792,212,19,021,19021
793,99,19,023,19023
794,125,19,025,19025
795,450,19,027,19027
796,317,19,029,19029
797,298,19,031,19031
798,848,19,033,19033
799,263,19,035,19035
800,353,19,037,19037
801,44,19,039,19039
802,389,19,041,19041
803,444,19,043,19043
804,904,19,045,19045
805,266,19,047,19047
806,958,19,049,19049
807,61,19,051,19051
808,54,19,053,19053
809,347,19,055,19055
810,1014,19,057,19057
811,375,19,059,19059
812,2147,19,061,19061
813,170,19,063,19063
814,236,19,065,19065
815,197,19,067,19067
816,297,19,069,19069
817,41,19,071,19071
818,144,19,073,19073
819,365,19,075,19075
820,182,19,077,19077
821,222,19,079,19079
822,129,19,081,19081
823,386,19,083,19083
824,141,19,085,19085
825,324,19,087,19087
826,250,19,089,19089
827,184,19,091,19091
828,164,19,093,19093
829,223,19,095,19095
830,235,19,097,19097
831,444,19,099,19099
832,225,19,101,19101
833,2169,19,103,19103
834,394,19,105,19105
835,131,19,107,19107
836,272,19,109,19109
837,723,19,111,19111
838,5780,19,113,19113
839,86,19,115,19115
840,73,19,117,19117
841,175,19,119,19119
842,244,19,121,19121
843,424,19,123,19123
844,472,19,125,19125
845,461,19,127,19127
846,136,19,129,19129
847,196,19,131,19131
848,123,19,133,19133
849,111,19,135,19135
850,173,19,137,19137
851,749,19,139,19139
852,251,19,141,19141
853,98,19,143,19143
854,134,19,145,19145
855,76,19,147,19147
856,337,19,149,19149
857,100,19,151,19151
858,10351,19,153,19153
859,1117,19,155,19155
860,532,19,157,19157
861,86,19,159,19159
862,99,19,161,19161
863,3771,19,163,19163
864,154,19,165,19165
865,958,19,167,19167
866,1494,19,169,19169
867,160,19,171,19171
868,36,19,173,19173
869,129,19,175,19175
870,29,19,177,19177
871,462,19,179,19179
872,601,19,181,19181
873,648,19,183,19183
874,41,19,185,19185
875,776,19,187,19187
876,228,19,189,19189
877,447,19,191,19191
878,2112,19,193,19193
879,122,19,195,19195
880,207,19,197,19197
881,128,20,001,20001
882,61,20,003,20003
883,232,20,005,20005
884,73,20,007,20007
885,754,20,009,20009
886,150,20,011,20011
887,102,20,013,20013
888,920,20,015,20015
889,8,20,017,20017
890,17,20,019,20019
891,375,20,021,20021
892,10,20,023,20023
893,6,20,025,20025
894,100,20,027,20027
895,84,20,029,20029
896,79,20,031,20031
897,8,20,033,20033
898,355,20,035,20035
899,409,20,037,20037
900,16,20,039,20039
901,212,20,041,20041
902,55,20,043,20043
903,1640,20,045,20045
904,25,20,047,20047
905,7,20,049,20049
906,609,20,051,20051
907,86,20,053,20053
908,744,20,055,20055
909,543,20,057,20057
910,274,20,059,20059
911,443,20,061,20061
912,33,20,063,20063
913,69,20,065,20065
914,263,20,067,20067
915,194,20,069,20069
916,11,20,071,20071
917,46,20,073,20073
918,0,20,075,20075
919,76,20,077,20077
920,643,20,079,20079
921,54,20,081,20081
922,157,20,085,20085
923,410,20,087,20087
924,0,20,089,20089
925,10225,20,091,20091
926,12,20,093,20093
927,198,20,095,20095
928,27,20,097,20097
929,105,20,099,20099
930,0,20,101,20101
931,872,20,103,20103
932,64,20,105,20105
933,130,20,107,20107
934,15,20,109,20109
935,377,20,111,20111
936,797,20,113,20113
937,101,20,115,20115
938,174,20,117,20117
939,106,20,119,20119
940,458,20,121,20121
941,133,20,123,20123
942,581,20,125,20125
943,64,20,127,20127
944,11,20,129,20129
945,237,20,131,20131
946,183,20,133,20133
947,46,20,135,20135
948,110,20,137,20137
949,125,20,139,20139
950,87,20,141,20141
951,22,20,143,20143
952,177,20,145,20145
953,59,20,147,20147
954,832,20,149,20149
955,171,20,151,20151
956,45,20,153,20153
957,1155,20,155,20155
958,78,20,157,20157
959,133,20,159,20159
960,1425,20,161,20161
961,67,20,163,20163
962,23,20,165,20165
963,114,20,167,20167
964,1065,20,169,20169
965,76,20,171,20171
966,11148,20,173,20173
967,209,20,175,20175
968,3957,20,177,20177
969,63,20,179,20179
970,61,20,181,20181
971,23,20,183,20183
972,68,20,185,20185
973,30,20,187,20187
974,70,20,189,20189
975,167,20,191,20191
976,209,20,193,20193
977,33,20,195,20195
978,159,20,197,20197
979,0,20,199,20199
980,108,20,201,20201
981,9,20,203,20203
982,164,20,205,20205
983,14,20,207,20207
984,3426,20,209,20209
985,166,21,001,21001
986,121,21,003,21003
987,158,21,005,21005
988,226,21,007,21007
989,654,21,009,21009
990,101,21,011,21011
991,113,21,013,21013
992,1576,21,015,21015
993,89,21,017,21017
994,1508,21,019,21019
995,224,21,021,21021
996,33,21,023,21023
997,35,21,025,21025
998,204,21,027,21027
999,988,21,029,21029
1000,85,21,031,21031
1001,69,21,033,21033
1002,539,21,035,21035
1003,1115,21,037,21037
1004,40,21,039,21039
1005,196,21,041,21041
1006,298,21,043,21043
1007,87,21,045,21045
1008,626,21,047,21047
1009,479,21,049,21049
1010,70,21,051,21051
1011,44,21,053,21053
1012,38,21,055,21055
1013,30,21,057,21057
1014,1782,21,059,21059
1015,96,21,061,21061
1016,30,21,063,21063
1017,25,21,065,21065
1018,6754,21,067,21067
1019,69,21,069,21069
1020,602,21,071,21071
1021,683,21,073,21073
1022,47,21,075,21075
1023,34,21,077,21077
1024,189,21,079,21079
1025,88,21,081,21081
1026,454,21,083,21083
1027,318,21,085,21085
1028,13,21,087,21087
1029,227,21,089,21089
1030,252,21,091,21091
1031,1114,21,093,21093
1032,194,21,095,21095
1033,113,21,097,21097
1034,78,21,099,21099
1035,781,21,101,21101
1036,59,21,103,21103
1037,38,21,105,21105
1038,526,21,107,21107
1039,41,21,109,21109
1040,15917,21,111,21111
1041,1069,21,113,21113
1042,247,21,115,21115
1043,2213,21,117,21117
1044,112,21,119,21119
1045,141,21,121,21121
1046,213,21,123,21123
1047,638,21,125,21125
1048,201,21,127,21127
1049,10,21,129,21129
1050,54,21,131,21131
1051,108,21,133,21133
1052,123,21,135,21135
1053,165,21,137,21137
1054,146,21,139,21139
1055,302,21,141,21141
1056,85,21,143,21143
1057,1602,21,145,21145
1058,16,21,147,21147
1059,138,21,149,21149
1060,898,21,151,21151
1061,26,21,153,21153
1062,106,21,155,21155
1063,1357,21,157,21157
1064,13,21,159,21159
1065,307,21,161,21161
1066,321,21,163,21163
1067,5,21,165,21165
1068,336,21,167,21167
1069,0,21,169,21169
1070,106,21,171,21171
1071,250,21,173,21173
1072,163,21,175,21175
1073,385,21,177,21177
1074,806,21,179,21179
1075,0,21,181,21181
1076,123,21,183,21183
1077,773,21,185,21185
1078,28,21,187,21187
1079,0,21,189,21189
1080,38,21,191,21191
1081,217,21,193,21193
1082,640,21,195,21195
1083,63,21,197,21197
1084,755,21,199,21199
1085,0,21,201,21201
1086,62,21,203,21203
1087,173,21,205,21205
1088,587,21,207,21207
1089,402,21,209,21209
1090,320,21,211,21211
1091,195,21,213,21213
1092,68,21,215,21215
1093,162,21,217,21217
1094,74,21,219,21219
1095,132,21,221,21221
1096,340,21,223,21223
1097,83,21,225,21225
1098,2150,21,227,21227
1099,149,21,229,21229
1100,67,21,231,21231
1101,306,21,233,21233
1102,183,21,235,21235
1103,4,21,237,21237
1104,187,21,239,21239
1105,1638,22,001,22001
1106,74,22,003,22003
1107,4450,22,005,22005
1108,169,22,007,22007
1109,601,22,009,22009
1110,512,22,011,22011
1111,118,22,013,22013
1112,2320,22,015,22015
1113,5100,22,017,22017
1114,8841,22,019,22019
1115,71,22,021,22021
1116,196,22,023,22023
1117,121,22,025,22025
1118,247,22,027,22027
1119,151,22,029,22029
1120,363,22,031,22031
1121,28695,22,033,22033
1122,38,22,035,22035
1123,177,22,037,22037
1124,282,22,039,22039
1125,273,22,041,22041
1126,413,22,043,22043
1127,2957,22,045,22045
1128,1177,22,047,22047
1129,121,22,049,22049
1130,13131,22,051,22051
1131,412,22,053,22053
1132,5695,22,055,22055
1133,2003,22,057,22057
1134,128,22,059,22059
1135,1158,22,061,22061
1136,2129,22,063,22063
1137,54,22,065,22065
1138,261,22,067,22067
1139,415,22,069,22069
1140,5556,22,071,22071
1141,3146,22,073,22073
1142,965,22,075,22075
1143,354,22,077,22077
1144,3631,22,079,22079
1145,157,22,081,22081
1146,267,22,083,22083
1147,238,22,085,22085
1148,1633,22,087,22087
1149,3300,22,089,22089
1150,87,22,091,22091
1151,551,22,093,22093
1152,791,22,095,22095
1153,1334,22,097,22097
1154,761,22,099,22099
1155,1215,22,101,22101
1156,4483,22,103,22103
1157,1487,22,105,22105
1158,48,22,107,22107
1159,3258,22,109,22109
1160,309,22,111,22111
1161,760,22,113,22113
1162,927,22,115,22115
1163,403,22,117,22117
1164,757,22,119,22119
1165,2706,22,121,22121
1166,102,22,123,22123
1167,286,22,125,22125
1168,161,22,127,22127
1169,2225,23,001,23001
1170,796,23,003,23003
1171,7646,23,005,23005
1172,487,23,007,23007
1173,1456,23,009,23009
1174,1905,23,011,23011
1175,982,23,013,23013
1176,607,23,015,23015
1177,718,23,017,23017
1178,2712,23,019,23019
1179,136,23,021,23021
1180,853,23,023,23023
1181,1625,23,025,23025
1182,403,23,027,23027
1183,268,23,029,23029
1184,2665,23,031,23031
1185,881,24,001,24001
1186,14545,24,003,24003
1187,21245,24,005,24005
1188,1791,24,009,24009
1189,534,24,011,24011
1190,4754,24,013,24013
1191,1004,24,015,24015
1192,3101,24,017,24017
1193,359,24,019,24019
1194,7584,24,021,24021
1195,825,24,023,24023
1196,4979,24,025,24025
1197,10006,24,027,24027
1198,310,24,029,24029
1199,22896,24,031,24031
1200,24339,24,033,24033
1201,963,24,035,24035
1202,1585,24,037,24037
1203,212,24,039,24039
1204,842,24,041,24041
1205,2864,24,043,24043
1206,1817,24,045,24045
1207,979,24,047,24047
1208,8827,24,510,24510
1209,4595,25,001,25001
1210,2649,25,003,25003
1211,7741,25,005,25005
1212,636,25,007,25007
1213,10510,25,009,25009
1214,917,25,011,25011
1215,6743,25,013,25013
1216,2187,25,015,25015
1217,29572,25,017,25017
1218,540,25,019,25019
1219,15535,25,021,25021
1220,8686,25,023,25023
1221,9439,25,025,25025
1222,12194,25,027,25027
1223,101,26,001,26001
1224,93,26,003,26003
1225,1534,26,005,26005
1226,347,26,007,26007
1227,227,26,009,26009
1228,129,26,011,26011
1229,96,26,013,26013
1230,380,26,015,26015
1231,968,26,017,26017
1232,218,26,019,26019
1233,1692,26,021,26021
1234,392,26,023,26023
1235,1368,26,025,26025
1236,251,26,027,26027
1237,392,26,029,26029
1238,416,26,031,26031
1239,324,26,033,26033
1240,244,26,035,26035
1241,824,26,037,26037
1242,160,26,039,26039
1243,698,26,041,26041
1244,1492,26,043,26043
1245,958,26,045,26045
1246,880,26,047,26047
1247,3478,26,049,26049
1248,205,26,051,26051
1249,158,26,053,26053
1250,1787,26,055,26055
1251,270,26,057,26057
1252,276,26,059,26059
1253,520,26,061,26061
1254,471,26,063,26063
1255,3149,26,065,26065
1256,456,26,067,26067
1257,214,26,069,26069
1258,129,26,071,26071
1259,1801,26,073,26073
1260,1358,26,075,26075
1261,3239,26,077,26077
1262,231,26,079,26079
1263,11452,26,081,26081
1264,29,26,083,26083
1265,69,26,085,26085
1266,754,26,087,26087
1267,436,26,089,26089
1268,701,26,091,26091
1269,2462,26,093,26093
1270,79,26,095,26095
1271,192,26,097,26097
1272,11915,26,099,26099
1273,192,26,101,26101
1274,1002,26,103,26103
1275,371,26,105,26105
1276,200,26,107,26107
1277,186,26,109,26109
1278,2591,26,111,26111
1279,126,26,113,26113
1280,1516,26,115,26115
1281,425,26,117,26117
1282,83,26,119,26119
1283,1732,26,121,26121
1284,295,26,123,26123
1285,18386,26,125,26125
1286,259,26,127,26127
1287,133,26,129,26129
1288,120,26,131,26131
1289,691,26,133,26133
1290,63,26,135,26135
1291,368,26,137,26137
1292,3725,26,139,26139
1293,89,26,141,26141
1294,264,26,143,26143
1295,2060,26,145,26145
1296,1498,26,147,26147
1297,412,26,149,26149
1298,316,26,151,26151
1299,122,26,153,26153
1300,550,26,155,26155
1301,366,26,157,26157
1302,535,26,159,26159
1303,2799,26,161,26161
1304,17171,26,163,26163
1305,151,26,165,26165
1306,113,27,001,27001
1307,5427,27,003,27003
1308,630,27,005,27005
1309,864,27,007,27007
1310,1012,27,009,27009
1311,134,27,011,27011
1312,1558,27,013,27013
1313,483,27,015,27015
1314,619,27,017,27017
1315,1390,27,019,27019
1316,290,27,021,27021
1317,251,27,023,27023
1318,489,27,025,27025
1319,663,27,027,27027
1320,234,27,029,27029
1321,106,27,031,27031
1322,271,27,033,27033
1323,1351,27,035,27035
1324,6596,27,037,27037
1325,387,27,039,27039
1326,756,27,041,27041
1327,214,27,043,27043
1328,248,27,045,27045
1329,344,27,047,27047
1330,609,27,049,27049
1331,166,27,051,27051
1332,20849,27,053,27053
1333,260,27,055,27055
1334,257,27,057,27057
1335,283,27,059,27059
1336,854,27,061,27061
1337,134,27,063,27063
1338,199,27,065,27065
1339,1071,27,067,27067
1340,29,27,069,27069
1341,139,27,071,27071
1342,117,27,073,27073
1343,64,27,075,27075
1344,42,27,077,27077
1345,319,27,079,27079
1346,97,27,081,27081
1347,572,27,083,27083
1348,474,27,085,27085
1349,40,27,087,27087
1350,82,27,089,27089
1351,232,27,091,27091
1352,229,27,093,27093
1353,302,27,095,27095
1354,461,27,097,27097
1355,499,27,099,27099
1356,140,27,101,27101
1357,255,27,103,27103
1358,231,27,105,27105
1359,95,27,107,27107
1360,2699,27,109,27109
1361,883,27,111,27111
1362,162,27,113,27113
1363,263,27,115,27115
1364,134,27,117,27117
1365,291,27,119,27119
1366,139,27,121,27121
1367,9478,27,123,27123
1368,64,27,125,27125
1369,323,27,127,27127
1370,225,27,129,27129
1371,868,27,131,27131
1372,94,27,133,27133
1373,81,27,135,27135
1374,4026,27,137,27137
1375,2373,27,139,27139
1376,1582,27,141,27141
1377,206,27,143,27143
1378,3104,27,145,27145
1379,582,27,147,27147
1380,150,27,149,27149
1381,135,27,151,27151
1382,180,27,153,27153
1383,27,27,155,27155
1384,264,27,157,27157
1385,152,27,159,27159
1386,200,27,161,27161
1387,3000,27,163,27163
1388,214,27,165,27165
1389,89,27,167,27167
1390,591,27,169,27169
1391,2346,27,171,27171
1392,316,27,173,27173
1393,451,28,001,28001
1394,491,28,003,28003
1395,42,28,005,28005
1396,302,28,007,28007
1397,17,28,009,28009
1398,298,28,011,28011
1399,17,28,013,28013
1400,116,28,015,28015
1401,94,28,017,28017
1402,32,28,019,28019
1403,1234,28,021,28021
1404,26,28,023,28023
1405,209,28,025,28025
1406,214,28,027,28027
1407,117,28,029,28029
1408,669,28,031,28031
1409,1563,28,033,28033
1410,1349,28,035,28035
1411,69,28,037,28037
1412,181,28,039,28039
1413,87,28,041,28041
1414,120,28,043,28043
1415,699,28,045,28045
1416,4107,28,047,28047
1417,5251,28,049,28049
1418,17,28,051,28051
1419,51,28,053,28053
1420,515,28,057,28057
1421,3814,28,059,28059
1422,160,28,061,28061
1423,0,28,063,28063
1424,321,28,065,28065
1425,1537,28,067,28067
1426,682,28,069,28069
1427,420,28,071,28071
1428,816,28,073,28073
1429,1008,28,075,28075
1430,241,28,077,28077
1431,296,28,079,28079
1432,1608,28,081,28081
1433,621,28,083,28083
1434,631,28,085,28085
1435,2268,28,087,28087
1436,1809,28,089,28089
1437,679,28,091,28091
1438,462,28,093,28093
1439,754,28,095,28095
1440,72,28,097,28097
1441,1636,28,099,28099
1442,699,28,101,28101
1443,41,28,103,28103
1444,299,28,105,28105
1445,849,28,107,28107
1446,470,28,109,28109
1447,46,28,111,28111
1448,567,28,113,28113
1449,283,28,115,28115
1450,300,28,117,28117
1451,4,28,119,28119
1452,3659,28,121,28121
1453,417,28,123,28123
1454,24,28,125,28125
1455,137,28,127,28127
1456,76,28,129,28129
1457,82,28,131,28131
1458,110,28,133,28133
1459,19,28,135,28135
1460,108,28,137,28137
1461,161,28,139,28139
1462,128,28,141,28141
1463,147,28,143,28143
1464,206,28,145,28145
1465,150,28,147,28147
1466,733,28,149,28149
1467,386,28,151,28151
1468,380,28,153,28153
1469,63,28,155,28155
1470,19,28,157,28157
1471,201,28,159,28159
1472,103,28,161,28161
1473,364,28,163,28163
1474,312,29,001,29001
1475,215,29,003,29003
1476,43,29,005,29005
1477,247,29,007,29007
1478,403,29,009,29009
1479,159,29,011,29011
1480,130,29,013,29013
1481,152,29,015,29015
1482,75,29,017,29017
1483,3130,29,019,29019
1484,1889,29,021,29021
1485,656,29,023,29023
1486,143,29,025,29025
1487,609,29,027,29027
1488,830,29,029,29029
1489,2022,29,031,29031
1490,189,29,033,29033
1491,99,29,035,29035
1492,1534,29,037,29037
1493,148,29,039,29039
1494,104,29,041,29041
1495,1150,29,043,29043
1496,31,29,045,29045
1497,3039,29,047,29047
1498,316,29,049,29049
1499,2332,29,051,29051
1500,280,29,053,29053
1501,246,29,055,29055
1502,42,29,057,29057
1503,116,29,059,29059
1504,69,29,061,29061
1505,124,29,063,29063
1506,145,29,065,29065
1507,48,29,067,29067
1508,175,29,069,29069
1509,2225,29,071,29071
1510,149,29,073,29073
1511,76,29,075,29075
1512,6030,29,077,29077
1513,103,29,079,29079
1514,36,29,081,29081
1515,260,29,083,29083
1516,69,29,085,29085
1517,47,29,087,29087
1518,67,29,089,29089
1519,329,29,091,29091
1520,23,29,093,29093
1521,14932,29,095,29095
1522,2092,29,097,29097
1523,3641,29,099,29099
1524,490,29,101,29101
1525,22,29,103,29103
1526,406,29,105,29105
1527,482,29,107,29107
1528,451,29,109,29109
1529,92,29,111,29111
1530,867,29,113,29113
1531,96,29,115,29115
1532,305,29,117,29117
1533,239,29,119,29119
1534,182,29,121,29121
1535,120,29,123,29123
1536,94,29,125,29125
1537,680,29,127,29127
1538,25,29,129,29129
1539,548,29,131,29131
1540,97,29,133,29133
1541,365,29,135,29135
1542,66,29,137,29137
1543,293,29,139,29139
1544,314,29,141,29141
1545,174,29,143,29143
1546,814,29,145,29145
1547,226,29,147,29147
1548,20,29,149,29149
1549,240,29,151,29151
1550,80,29,153,29153
1551,75,29,155,29155
1552,604,29,157,29157
1553,670,29,159,29159
1554,641,29,161,29161
1555,236,29,163,29163
1556,1289,29,165,29165
1557,237,29,167,29167
1558,511,29,169,29169
1559,29,29,171,29171
1560,181,29,173,29173
1561,270,29,175,29175
1562,215,29,177,29177
1563,28,29,179,29179
1564,44,29,181,29181
1565,6450,29,183,29183
1566,96,29,185,29185
1567,493,29,186,29186
1568,981,29,187,29187
1569,28240,29,189,29189
1570,219,29,195,29195
1571,59,29,197,29197
1572,31,29,199,29199
1573,681,29,201,29201
1574,27,29,203,29203
1575,69,29,205,29205
1576,423,29,207,29207
1577,475,29,209,29209
1578,44,29,211,29211
1579,770,29,213,29213
1580,193,29,215,29215
1581,174,29,217,29217
1582,471,29,219,29219
1583,148,29,221,29221
1584,64,29,223,29223
1585,356,29,225,29225
1586,16,29,227,29227
1587,207,29,229,29229
1588,6822,29,510,29510
1589,144,30,001,30001
1590,82,30,003,30003
1591,38,30,005,30005
1592,71,30,007,30007
1593,133,30,009,30009
1594,5,30,011,30011
1595,1934,30,013,30013
1596,45,30,015,30015
1597,191,30,017,30017
1598,13,30,019,30019
1599,166,30,021,30021
1600,104,30,023,30023
1601,180,30,025,30025
1602,260,30,027,30027
1603,2000,30,029,30029
1604,3123,30,031,30031
1605,0,30,033,30033
1606,101,30,035,30035
1607,0,30,037,30037
1608,29,30,039,30039
1609,348,30,041,30041
1610,135,30,043,30043
1611,25,30,045,30045
1612,280,30,047,30047
1613,2241,30,049,30049
1614,9,30,051,30051
1615,264,30,053,30053
1616,20,30,055,30055
1617,246,30,057,30057
1618,13,30,059,30059
1619,28,30,061,30061
1620,2187,30,063,30063
1621,71,30,065,30065
1622,245,30,067,30067
1623,0,30,069,30069
1624,48,30,071,30071
1625,143,30,073,30073
1626,25,30,075,30075
1627,42,30,077,30077
1628,14,30,079,30079
1629,525,30,081,30081
1630,537,30,083,30083
1631,133,30,085,30085
1632,205,30,087,30087
1633,84,30,089,30089
1634,42,30,091,30091
1635,516,30,093,30093
1636,118,30,095,30095
1637,71,30,097,30097
1638,44,30,099,30099
1639,84,30,101,30101
1640,0,30,103,30103
1641,93,30,105,30105
1642,9,30,107,30107
1643,4357,30,111,30111
1644,739,31,001,31001
1645,89,31,003,31003
1646,0,31,005,31005
1647,8,31,007,31007
1648,0,31,009,31009
1649,49,31,011,31011
1650,120,31,013,31013
1651,6,31,015,31015
1652,55,31,017,31017
1653,972,31,019,31019
1654,86,31,021,31021
1655,92,31,023,31023
1656,309,31,025,31025
1657,191,31,027,31027
1658,40,31,029,31029
1659,111,31,031,31031
1660,95,31,033,31033
1661,148,31,035,31035
1662,148,31,037,31037
1663,192,31,039,31039
1664,156,31,041,31041
1665,449,31,043,31043
1666,111,31,045,31045
1667,417,31,047,31047
1668,0,31,049,31049
1669,127,31,051,31051
1670,517,31,053,31053
1671,12432,31,055,31055
1672,21,31,057,31057
1673,202,31,059,31059
1674,17,31,061,31061
1675,42,31,063,31063
1676,56,31,065,31065
1677,338,31,067,31067
1678,10,31,069,31069
1679,21,31,071,31071
1680,24,31,073,31073
1681,6,31,075,31075
1682,22,31,077,31077
1683,1416,31,079,31079
1684,119,31,081,31081
1685,24,31,083,31083
1686,12,31,085,31085
1687,20,31,087,31087
1688,118,31,089,31089
1689,5,31,091,31091
1690,51,31,093,31093
1691,164,31,095,31095
1692,80,31,097,31097
1693,120,31,099,31099
1694,124,31,101,31101
1695,0,31,103,31103
1696,37,31,105,31105
1697,80,31,107,31107
1698,6492,31,109,31109
1699,612,31,111,31111
1700,6,31,113,31113
1701,797,31,119,31119
1702,154,31,121,31121
1703,30,31,123,31123
1704,61,31,125,31125
1705,50,31,127,31127
1706,14,31,129,31129
1707,306,31,131,31131
1708,19,31,133,31133
1709,92,31,135,31135
1710,209,31,137,31137
1711,186,31,139,31139
1712,919,31,141,31141
1713,55,31,143,31143
1714,185,31,145,31145
1715,84,31,147,31147
1716,6,31,149,31149
1717,45,31,151,31151
1718,4082,31,153,31153
1719,386,31,155,31155
1720,775,31,157,31157
1721,317,31,159,31159
1722,16,31,161,31161
1723,33,31,163,31163
1724,0,31,165,31165
1725,49,31,167,31167
1726,105,31,169,31169
1727,0,31,171,31171
1728,59,31,173,31173
1729,78,31,175,31175
1730,701,31,177,31177
1731,71,31,179,31179
1732,29,31,181,31181
1733,0,31,183,31183
1734,232,31,185,31185
1735,498,32,001,32001
1736,35163,32,003,32003
1737,692,32,005,32005
1738,1474,32,007,32007
1739,24,32,009,32009
1740,0,32,011,32011
1741,411,32,013,32013
1742,15,32,015,32015
1743,33,32,017,32017
1744,387,32,019,32019
1745,19,32,021,32021
1746,379,32,023,32023
1747,0,32,027,32027
1748,132,32,029,32029
1749,7995,32,031,32031
1750,313,32,033,32033
1751,698,32,510,32510
1752,942,33,001,33001
1753,928,33,003,33003
1754,1435,33,005,33005
1755,489,33,007,33007
1756,1421,33,009,33009
1757,6173,33,011,33011
1758,2986,33,013,33013
1759,5114,33,015,33015
1760,1162,33,017,33017
1761,538,33,019,33019
1762,5336,34,001,34001
1763,13814,34,003,34003
1764,6205,34,005,34005
1765,6739,34,007,34007
1766,1626,34,009,34009
1767,2290,34,011,34011
1768,7907,34,013,34013
1769,5462,34,015,34015
1770,4330,34,017,34017
1771,2770,34,019,34019
1772,5582,34,021,34021
1773,10652,34,023,34023
1774,10889,34,025,34025
1775,9849,34,027,34027
1776,6459,34,029,34029
1777,6187,34,031,34031
1778,915,34,033,34033
1779,5115,34,035,34035
1780,1968,34,037,34037
1781,9152,34,039,34039
1782,1039,34,041,34041
1783,17583,35,001,35001
1784,30,35,003,35003
1785,986,35,005,35005
1786,240,35,006,35006
1787,198,35,007,35007
1788,859,35,009,35009
1789,40,35,011,35011
1790,3464,35,013,35013
1791,1765,35,015,35015
1792,491,35,017,35017
1793,78,35,019,35019
1794,0,35,021,35021
1795,33,35,023,35023
1796,2259,35,025,35025
1797,364,35,027,35027
1798,148,35,028,35028
1799,338,35,029,35029
1800,880,35,031,35031
1801,41,35,033,35033
1802,1114,35,035,35035
1803,192,35,037,35037
1804,276,35,039,35039
1805,231,35,041,35041
1806,1537,35,043,35043
1807,3581,35,045,35045
1808,302,35,047,35047
1809,2961,35,049,35049
1810,192,35,051,35051
1811,72,35,053,35053
1812,420,35,055,35055
1813,167,35,057,35057
1814,330,35,059,35059
1815,672,35,061,35061
1816,7059,36,001,36001
1817,364,36,003,36003
1818,9208,36,005,36005
1819,3054,36,007,36007
1820,554,36,009,36009
1821,990,36,011,36011
1822,1388,36,013,36013
1823,1448,36,015,36015
1824,512,36,017,36017
1825,927,36,019,36019
1826,922,36,021,36021
1827,387,36,023,36023
1828,429,36,025,36025
1829,4356,36,027,36027
1830,14088,36,029,36029
1831,509,36,031,36031
1832,363,36,033,36033
1833,420,36,035,36035
1834,705,36,037,36037
1835,485,36,039,36039
1836,62,36,041,36041
1837,489,36,043,36043
1838,1617,36,045,36045
1839,21642,36,047,36047
1840,223,36,049,36049
1841,905,36,051,36051
1842,738,36,053,36053
1843,11105,36,055,36055
1844,347,36,057,36057
1845,23214,36,059,36059
1846,31015,36,061,36061
1847,2423,36,063,36063
1848,2102,36,065,36065
1849,9101,36,067,36067
1850,2476,36,069,36069
1851,4028,36,071,36071
1852,241,36,073,36073
1853,1063,36,075,36075
1854,553,36,077,36077
1855,1731,36,079,36079
1856,38926,36,081,36081
1857,2242,36,083,36083
1858,5753,36,085,36085
1859,4910,36,087,36087
1860,1101,36,089,36089
1861,3865,36,091,36091
1862,2113,36,093,36093
1863,307,36,095,36095
1864,208,36,097,36097
1865,208,36,099,36099
1866,501,36,101,36101
1867,32818,36,103,36103
1868,590,36,105,36105
1869,425,36,107,36107
1870,743,36,109,36109
1871,1933,36,111,36111
1872,1127,36,113,36113
1873,734,36,115,36115
1874,1150,36,117,36117
1875,19802,36,119,36119
1876,319,36,121,36121
1877,266,36,123,36123
1878,2182,37,001,37001
1879,185,37,003,37003
1880,159,37,005,37005
1881,160,37,007,37007
1882,503,37,009,37009
1883,298,37,011,37011
1884,477,37,013,37013
1885,74,37,015,37015
1886,206,37,017,37017
1887,1311,37,019,37019
1888,4398,37,021,37021
1889,570,37,023,37023
1890,2857,37,025,37025
1891,676,37,027,37027
1892,94,37,029,37029
1893,1034,37,031,37031
1894,126,37,033,37033
1895,1993,37,035,37035
1896,793,37,037,37037
1897,326,37,039,37039
1898,189,37,041,37041
1899,145,37,043,37043
1900,1297,37,045,37045
1901,407,37,047,37047
1902,1281,37,049,37049
1903,4848,37,051,37051
1904,298,37,053,37053
1905,767,37,055,37055
1906,1659,37,057,37057
1907,475,37,059,37059
1908,522,37,061,37061
1909,3964,37,063,37063
1910,691,37,065,37065
1911,5508,37,067,37067
1912,744,37,069,37069
1913,2317,37,071,37071
1914,40,37,073,37073
1915,315,37,075,37075
1916,521,37,077,37077
1917,312,37,079,37079
1918,9665,37,081,37081
1919,341,37,083,37083
1920,1364,37,085,37085
1921,631,37,087,37087
1922,1471,37,089,37089
1923,288,37,091,37091
1924,317,37,093,37093
1925,117,37,095,37095
1926,2983,37,097,37097
1927,571,37,099,37099
1928,2809,37,101,37101
1929,116,37,103,37103
1930,830,37,105,37105
1931,1476,37,107,37107
1932,1345,37,109,37109
1933,512,37,111,37111
1934,712,37,113,37113
1935,134,37,115,37115
1936,269,37,117,37117
1937,26740,37,119,37119
1938,145,37,121,37121
1939,324,37,123,37123
1940,1138,37,125,37125
1941,1803,37,127,37127
1942,5036,37,129,37129
1943,181,37,131,37131
1944,2532,37,133,37133
1945,1279,37,135,37135
1946,227,37,137,37137
1947,469,37,139,37139
1948,622,37,141,37141
1949,85,37,143,37143
1950,429,37,145,37145
1951,2325,37,147,37147
1952,235,37,149,37149
1953,1767,37,151,37151
1954,424,37,153,37153
1955,1321,37,155,37155
1956,1146,37,157,37157
1957,2021,37,159,37159
1958,786,37,161,37161
1959,725,37,163,37163
1960,372,37,165,37165
1961,747,37,167,37167
1962,489,37,169,37169
1963,2476,37,171,37171
1964,222,37,173,37173
1965,380,37,175,37175
1966,46,37,177,37177
1967,4787,37,179,37179
1968,469,37,181,37181
1969,25071,37,183,37183
1970,87,37,185,37185
1971,36,37,187,37187
1972,896,37,189,37189
1973,2877,37,191,37191
1974,631,37,193,37193
1975,2681,37,195,37195
1976,532,37,197,37197
1977,413,37,199,37199
1978,25,38,001,38001
1979,319,38,003,38003
1980,85,38,005,38005
1981,67,38,007,38007
1982,87,38,009,38009
1983,157,38,011,38011
1984,28,38,013,38013
1985,3358,38,015,38015
1986,5456,38,017,38017
1987,149,38,019,38019
1988,67,38,021,38021
1989,45,38,023,38023
1990,233,38,025,38025
1991,19,38,027,38027
1992,80,38,029,38029
1993,64,38,031,38031
1994,15,38,033,38033
1995,1989,38,035,38035
1996,11,38,037,38037
1997,17,38,039,38039
1998,23,38,041,38041
1999,10,38,043,38043
2000,34,38,045,38045
2001,22,38,047,38047
2002,41,38,049,38049
2003,13,38,051,38051
2004,1052,38,053,38053
2005,178,38,055,38055
2006,276,38,057,38057
2007,727,38,059,38059
2008,833,38,061,38061
2009,21,38,063,38063
2010,72,38,065,38065
2011,139,38,067,38067
2012,119,38,069,38069
2013,236,38,071,38071
2014,56,38,073,38073
2015,25,38,075,38075
2016,384,38,077,38077
2017,191,38,079,38079
2018,87,38,081,38081
2019,0,38,083,38083
2020,9,38,085,38085
2021,0,38,087,38087
2022,1432,38,089,38089
2023,75,38,091,38091
2024,331,38,093,38093
2025,15,38,095,38095
2026,114,38,097,38097
2027,136,38,099,38099
2028,2578,38,101,38101
2029,41,38,103,38103
2030,2666,38,105,38105
2031,145,39,001,39001
2032,1542,39,003,39003
2033,601,39,005,39005
2034,943,39,007,39007
2035,422,39,009,39009
2036,786,39,011,39011
2037,993,39,013,39013
2038,148,39,015,39015
2039,5814,39,017,39017
2040,346,39,019,39019
2041,220,39,021,39021
2042,970,39,023,39023
2043,2407,39,025,39025
2044,240,39,027,39027
2045,991,39,029,39029
2046,202,39,031,39031
2047,394,39,033,39033
2048,19222,39,035,39035
2049,739,39,037,39037
2050,380,39,039,39039
2051,2467,39,041,39041
2052,947,39,043,39043
2053,1547,39,045,39045
2054,237,39,047,39047
2055,19174,39,049,39049
2056,563,39,051,39051
2057,307,39,053,39053
2058,1568,39,055,39055
2059,1425,39,057,39057
2060,568,39,059,39059
2061,18595,39,061,39061
2062,981,39,063,39063
2063,144,39,065,39065
2064,89,39,067,39067
2065,365,39,069,39069
2066,201,39,071,39071
2067,282,39,073,39073
2068,1717,39,075,39075
2069,1142,39,077,39077
2070,327,39,079,39079
2071,948,39,081,39081
2072,780,39,083,39083
2073,3421,39,085,39085
2074,692,39,087,39087
2075,2437,39,089,39089
2076,584,39,091,39091
2077,3605,39,093,39093
2078,7207,39,095,39095
2079,443,39,097,39097
2080,4333,39,099,39099
2081,538,39,101,39101
2082,2889,39,103,39103
2083,259,39,105,39105
2084,833,39,107,39107
2085,1407,39,109,39109
2086,207,39,111,39111
2087,7790,39,113,39113
2088,77,39,115,39115
2089,187,39,117,39117
2090,970,39,119,39119
2091,114,39,121,39121
2092,403,39,123,39123
2093,124,39,125,39125
2094,110,39,127,39127
2095,657,39,129,39129
2096,451,39,131,39131
2097,1659,39,133,39133
2098,271,39,135,39135
2099,812,39,137,39137
2100,1687,39,139,39139
2101,622,39,141,39141
2102,882,39,143,39143
2103,684,39,145,39145
2104,969,39,147,39147
2105,1465,39,149,39149
2106,5784,39,151,39151
2107,8841,39,153,39153
2108,2445,39,155,39155
2109,1190,39,157,39157
2110,613,39,159,39159
2111,445,39,161,39161
2112,125,39,163,39163
2113,2839,39,165,39165
2114,1405,39,167,39167
2115,1833,39,169,39169
2116,362,39,171,39171
2117,2817,39,173,39173
2118,630,39,175,39175
2119,61,40,001,40001
2120,72,40,003,40003
2121,99,40,005,40005
2122,241,40,007,40007
2123,826,40,009,40009
2124,186,40,011,40011
2125,374,40,013,40013
2126,453,40,015,40015
2127,1778,40,017,40017
2128,1046,40,019,40019
2129,322,40,021,40021
2130,140,40,023,40023
2131,44,40,025,40025
2132,3983,40,027,40027
2133,161,40,029,40029
2134,1791,40,031,40031
2135,24,40,033,40033
2136,178,40,035,40035
2137,1892,40,037,40037
2138,538,40,039,40039
2139,485,40,041,40041
2140,138,40,043,40043
2141,48,40,045,40045
2142,1035,40,047,40047
2143,525,40,049,40049
2144,927,40,051,40051
2145,208,40,053,40053
2146,31,40,055,40055
2147,55,40,057,40057
2148,37,40,059,40059
2149,125,40,061,40061
2150,75,40,063,40063
2151,222,40,065,40065
2152,74,40,067,40067
2153,56,40,069,40069
2154,1238,40,071,40071
2155,295,40,073,40073
2156,74,40,075,40075
2157,365,40,077,40077
2158,661,40,079,40079
2159,399,40,081,40081
2160,583,40,083,40083
2161,80,40,085,40085
2162,1043,40,087,40087
2163,263,40,089,40089
2164,138,40,091,40091
2165,198,40,093,40093
2166,61,40,095,40095
2167,772,40,097,40097
2168,392,40,099,40099
2169,1249,40,101,40101
2170,132,40,103,40103
2171,148,40,105,40105
2172,104,40,107,40107
2173,18484,40,109,40109
2174,225,40,111,40111
2175,618,40,113,40113
2176,213,40,115,40115
2177,76,40,117,40117
2178,1265,40,119,40119
2179,655,40,121,40121
2180,537,40,123,40123
2181,709,40,125,40125
2182,122,40,127,40127
2183,70,40,129,40129
2184,2659,40,131,40131
2185,279,40,133,40133
2186,269,40,135,40135
2187,623,40,137,40137
2188,418,40,139,40139
2189,39,40,141,40141
2190,14270,40,143,40143
2191,829,40,145,40145
2192,631,40,147,40147
2193,99,40,149,40149
2194,437,40,151,40151
2195,919,40,153,40153
2196,242,41,001,41001
2197,815,41,003,41003
2198,8650,41,005,41005
2199,712,41,007,41007
2200,385,41,009,41009
2201,754,41,011,41011
2202,188,41,013,41013
2203,288,41,015,41015
2204,2891,41,017,41017
2205,1264,41,019,41019
2206,160,41,021,41021
2207,78,41,023,41023
2208,73,41,025,41025
2209,293,41,027,41027
2210,2895,41,029,41029
2211,96,41,031,41031
2212,719,41,033,41033
2213,678,41,035,41035
2214,62,41,037,41037
2215,5200,41,039,41039
2216,587,41,041,41041
2217,1712,41,043,41043
2218,298,41,045,41045
2219,7426,41,047,41047
2220,56,41,049,41049
2221,17079,41,051,41051
2222,628,41,053,41053
2223,24,41,055,41055
2224,281,41,057,41057
2225,883,41,059,41059
2226,530,41,061,41061
2227,112,41,063,41063
2228,317,41,065,41065
2229,12316,41,067,41067
2230,1170,41,071,41071
2231,1421,42,001,42001
2232,25694,42,003,42003
2233,610,42,005,42005
2234,2396,42,007,42007
2235,1196,42,009,42009
2236,6341,42,011,42011
2237,1982,42,013,42013
2238,889,42,015,42015
2239,13280,42,017,42017
2240,3967,42,019,42019
2241,1740,42,021,42021
2242,35,42,023,42023
2243,511,42,025,42025
2244,3045,42,027,42027
2245,8782,42,029,42029
2246,557,42,031,42031
2247,694,42,033,42033
2248,667,42,035,42035
2249,880,42,037,42037
2250,1001,42,039,42039
2251,4063,42,041,42041
2252,4763,42,043,42043
2253,9274,42,045,42045
2254,436,42,047,42047
2255,3596,42,049,42049
2256,1570,42,051,42051
2257,54,42,053,42053
2258,1933,42,055,42055
2259,359,42,057,42057
2260,1565,42,059,42059
2261,584,42,061,42061
2262,1249,42,063,42063
2263,582,42,065,42065
2264,354,42,067,42067
2265,3089,42,069,42069
2266,13895,42,071,42071
2267,1616,42,073,42073
2268,1691,42,075,42075
2269,5747,42,077,42077
2270,4780,42,079,42079
2271,2482,42,081,42081
2272,931,42,083,42083
2273,1283,42,085,42085
2274,524,42,087,42087
2275,1452,42,089,42089
2276,18988,42,091,42091
2277,297,42,093,42093
2278,3603,42,095,42095
2279,1184,42,097,42097
2280,628,42,099,42099
2281,9950,42,101,42101
2282,334,42,103,42103
2283,290,42,105,42105
2284,1544,42,107,42107
2285,492,42,109,42109
2286,1162,42,111,42111
2287,128,42,113,42113
2288,571,42,115,42115
2289,457,42,117,42117
2290,603,42,119,42119
2291,464,42,121,42121
2292,251,42,123,42123
2293,7547,42,125,42125
2294,1102,42,127,42127
2295,5921,42,129,42129
2296,594,42,131,42131
2297,10161,42,133,42133
2298,619,44,001,44001
2299,2792,44,003,44003
2300,1333,44,005,44005
2301,9070,44,007,44007
2302,1507,44,009,44009
2303,156,45,001,45001
2304,3824,45,003,45003
2305,25,45,005,45005
2306,1934,45,007,45007
2307,55,45,009,45009
2308,128,45,011,45011
2309,2776,45,013,45013
2310,2488,45,015,45015
2311,425,45,017,45017
2312,9809,45,019,45019
2313,519,45,021,45021
2314,473,45,023,45023
2315,398,45,025,45025
2316,226,45,027,45027
2317,315,45,029,45029
2318,574,45,031,45031
2319,75,45,033,45033
2320,1394,45,035,45035
2321,120,45,037,45037
2322,141,45,039,45039
2323,1382,45,041,45041
2324,1017,45,043,45043
2325,10158,45,045,45045
2326,870,45,047,45047
2327,150,45,049,45049
2328,4621,45,051,45051
2329,708,45,053,45053
2330,665,45,055,45055
2331,604,45,057,45057
2332,482,45,059,45059
2333,69,45,061,45061
2334,5761,45,063,45063
2335,64,45,065,45065
2336,520,45,067,45067
2337,191,45,069,45069
2338,602,45,071,45071
2339,1325,45,073,45073
2340,739,45,075,45075
2341,1296,45,077,45077
2342,6198,45,079,45079
2343,94,45,081,45081
2344,4912,45,083,45083
2345,2126,45,085,45085
2346,127,45,087,45087
2347,422,45,089,45089
2348,2541,45,091,45091
2349,21,46,003,46003
2350,297,46,005,46005
2351,94,46,007,46007
2352,49,46,009,46009
2353,777,46,011,46011
2354,916,46,013,46013
2355,74,46,015,46015
2356,0,46,017,46017
2357,137,46,019,46019
2358,7,46,021,46021
2359,117,46,023,46023
2360,67,46,025,46025
2361,176,46,027,46027
2362,666,46,029,46029
2363,17,46,031,46031
2364,134,46,033,46033
2365,711,46,035,46035
2366,65,46,037,46037
2367,98,46,039,46039
2368,64,46,041,46041
2369,51,46,043,46043
2370,35,46,045,46045
2371,101,46,047,46047
2372,0,46,049,46049
2373,110,46,051,46051
2374,96,46,053,46053
2375,21,46,055,46055
2376,156,46,057,46057
2377,31,46,059,46059
2378,66,46,061,46061
2379,73,46,063,46063
2380,424,46,065,46065
2381,73,46,067,46067
2382,15,46,069,46069
2383,33,46,071,46071
2384,36,46,073,46073
2385,11,46,075,46075
2386,97,46,077,46077
2387,161,46,079,46079
2388,534,46,081,46081
2389,1330,46,083,46083
2390,28,46,085,46085
2391,86,46,087,46087
2392,12,46,089,46089
2393,72,46,091,46091
2394,713,46,093,46093
2395,7,46,095,46095
2396,30,46,097,46097
2397,4353,46,099,46099
2398,146,46,101,46101
2399,3687,46,103,46103
2400,36,46,105,46105
2401,60,46,107,46107
2402,115,46,109,46109
2403,38,46,111,46111
2404,72,46,115,46115
2405,355,46,117,46117
2406,37,46,119,46119
2407,48,46,121,46121
2408,108,46,123,46123
2409,104,46,125,46125
2410,192,46,127,46127
2411,69,46,129,46129
2412,418,46,135,46135
2413,1718,47,001,47001
2414,590,47,003,47003
2415,123,47,005,47005
2416,98,47,007,47007
2417,3067,47,009,47009
2418,1694,47,011,47011
2419,426,47,013,47013
2420,89,47,015,47015
2421,215,47,017,47017
2422,643,47,019,47019
2423,460,47,021,47021
2424,118,47,023,47023
2425,218,47,025,47025
2426,82,47,027,47027
2427,234,47,029,47029
2428,808,47,031,47031
2429,199,47,033,47033
2430,588,47,035,47035
2431,16624,47,037,47037
2432,160,47,039,47039
2433,68,47,041,47041
2434,650,47,043,47043
2435,616,47,045,47045
2436,717,47,047,47047
2437,125,47,049,47049
2438,241,47,051,47051
2439,566,47,053,47053
2440,317,47,055,47055
2441,190,47,057,47057
2442,491,47,059,47059
2443,57,47,061,47061
2444,905,47,063,47063
2445,7274,47,065,47065
2446,35,47,067,47067
2447,137,47,069,47069
2448,282,47,071,47071
2449,762,47,073,47073
2450,155,47,075,47075
2451,270,47,077,47077
2452,316,47,079,47079
2453,190,47,081,47081
2454,74,47,083,47083
2455,231,47,085,47085
2456,81,47,087,47087
2457,449,47,089,47089
2458,139,47,091,47091
2459,9245,47,093,47093
2460,0,47,095,47095
2461,123,47,097,47097
2462,416,47,099,47099
2463,79,47,101,47101
2464,273,47,103,47103
2465,710,47,105,47105
2466,564,47,107,47107
2467,257,47,109,47109
2468,131,47,111,47111
2469,2307,47,113,47113
2470,157,47,115,47115
2471,263,47,117,47117
2472,937,47,119,47119
2473,30,47,121,47121
2474,193,47,123,47123
2475,2297,47,125,47125
2476,73,47,127,47127
2477,78,47,129,47129
2478,445,47,131,47131
2479,242,47,133,47133
2480,64,47,135,47135
2481,69,47,137,47137
2482,65,47,139,47139
2483,1413,47,141,47141
2484,262,47,143,47143
2485,380,47,145,47145
2486,941,47,147,47147
2487,3209,47,149,47149
2488,459,47,151,47151
2489,98,47,153,47153
2490,907,47,155,47155
2491,15102,47,157,47157
2492,218,47,159,47159
2493,300,47,161,47161
2494,5518,47,163,47163
2495,2074,47,165,47165
2496,896,47,167,47167
2497,43,47,169,47169
2498,192,47,171,47171
2499,137,47,173,47173
2500,51,47,175,47175
2501,538,47,177,47177
2502,1681,47,179,47179
2503,73,47,181,47181
2504,270,47,183,47183
2505,190,47,185,47185
2506,4405,47,187,47187
2507,1717,47,189,47189
2508,711,48,001,48001
2509,698,48,003,48003
2510,1312,48,005,48005
2511,288,48,007,48007
2512,100,48,009,48009
2513,26,48,011,48011
2514,438,48,013,48013
2515,814,48,015,48015
2516,127,48,017,48017
2517,222,48,019,48019
2518,963,48,021,48021
2519,48,48,023,48023
2520,394,48,025,48025
2521,4111,48,027,48027
2522,33476,48,029,48029
2523,319,48,031,48031
2524,0,48,033,48033
2525,254,48,035,48035
2526,1320,48,037,48037
2527,12333,48,039,48039
2528,3906,48,041,48041
2529,168,48,043,48043
2530,65,48,045,48045
2531,91,48,047,48047
2532,548,48,049,48049
2533,280,48,051,48051
2534,799,48,053,48053
2535,357,48,055,48055
2536,1936,48,057,48057
2537,109,48,059,48059
2538,3184,48,061,48061
2539,180,48,063,48063
2540,122,48,065,48065
2541,499,48,067,48067
2542,43,48,069,48069
2543,786,48,071,48071
2544,758,48,073,48073
2545,128,48,075,48075
2546,114,48,077,48077
2547,0,48,079,48079
2548,62,48,081,48081
2549,164,48,083,48083
2550,11994,48,085,48085
2551,14,48,087,48087
2552,511,48,089,48089
2553,3863,48,091,48091
2554,69,48,093,48093
2555,11,48,095,48095
2556,1014,48,097,48097
2557,791,48,099,48099
2558,16,48,101,48101
2559,21,48,103,48103
2560,31,48,105,48105
2561,26,48,107,48107
2562,53,48,109,48109
2563,235,48,111,48111
2564,67047,48,113,48113
2565,173,48,115,48115
2566,337,48,117,48117
2567,30,48,119,48119
2568,8746,48,121,48121
2569,548,48,123,48123
2570,0,48,125,48125
2571,289,48,127,48127
2572,27,48,129,48129
2573,372,48,131,48131
2574,407,48,133,48133
2575,6961,48,135,48135
2576,9,48,137,48137
2577,2307,48,139,48139
2578,13934,48,141,48141
2579,767,48,143,48143
2580,203,48,145,48145
2581,169,48,147,48147
2582,363,48,149,48149
2583,11,48,151,48151
2584,50,48,153,48153
2585,12,48,155,48155
2586,10780,48,157,48157
2587,148,48,159,48159
2588,450,48,161,48161
2589,123,48,163,48163
2590,429,48,165,48165
2591,5344,48,167,48167
2592,235,48,169,48169
2593,728,48,171,48171
2594,15,48,173,48173
2595,96,48,175,48175
2596,193,48,177,48177
2597,546,48,179,48179
2598,2459,48,181,48181
2599,8014,48,183,48183
2600,348,48,185,48185
2601,1777,48,187,48187
2602,539,48,189,48189
2603,25,48,191,48191
2604,430,48,193,48193
2605,118,48,195,48195
2606,18,48,197,48197
2607,1253,48,199,48199
2608,142916,48,201,48201
2609,1317,48,203,48203
2610,196,48,205,48205
2611,48,48,207,48207
2612,2798,48,209,48209
2613,590,48,211,48211
2614,814,48,213,48213
2615,7449,48,215,48215
2616,1024,48,217,48217
2617,624,48,219,48219
2618,728,48,221,48221
2619,483,48,223,48223
2620,244,48,225,48225
2621,807,48,227,48227
2622,51,48,229,48229
2623,781,48,231,48231
2624,822,48,233,48233
2625,55,48,235,48235
2626,199,48,237,48237
2627,700,48,239,48239
2628,673,48,241,48241
2629,22,48,243,48243
2630,15121,48,245,48245
2631,60,48,247,48247
2632,465,48,249,48249
2633,2700,48,251,48251
2634,217,48,253,48253
2635,82,48,255,48255
2636,2105,48,257,48257
2637,996,48,259,48259
2638,0,48,261,48261
2639,0,48,263,48263
2640,944,48,265,48265
2641,127,48,267,48267
2642,0,48,269,48269
2643,7,48,271,48271
2644,425,48,273,48273
2645,82,48,275,48275
2646,1186,48,277,48277
2647,96,48,279,48279
2648,455,48,281,48281
2649,40,48,283,48283
2650,279,48,285,48285
2651,1586,48,287,48287
2652,874,48,289,48289
2653,877,48,291,48291
2654,191,48,293,48293
2655,65,48,295,48295
2656,211,48,297,48297
2657,288,48,299,48299
2658,0,48,301,48301
2659,5432,48,303,48303
2660,25,48,305,48305
2661,86,48,307,48307
2662,5596,48,309,48309
2663,0,48,311,48311
2664,260,48,313,48313
2665,0,48,315,48315
2666,180,48,317,48317
2667,26,48,319,48319
2668,284,48,321,48321
2669,351,48,323,48323
2670,504,48,325,48325
2671,11,48,327,48327
2672,4112,48,329,48329
2673,611,48,331,48331
2674,35,48,333,48333
2675,196,48,335,48335
2676,242,48,337,48337
2677,7554,48,339,48339
2678,580,48,341,48341
2679,145,48,343,48343
2680,34,48,345,48345
2681,1711,48,347,48347
2682,727,48,349,48349
2683,85,48,351,48351
2684,248,48,353,48353
2685,11920,48,355,48355
2686,354,48,357,48357
2687,40,48,359,48359
2688,1677,48,361,48361
2689,386,48,363,48363
2690,1592,48,365,48365
2691,2126,48,367,48367
2692,111,48,369,48369
2693,353,48,371,48371
2694,552,48,373,48373
2695,3196,48,375,48375
2696,136,48,377,48377
2697,266,48,379,48379
2698,2176,48,381,48381
2699,112,48,383,48383
2700,30,48,385,48385
2701,149,48,387,48387
2702,83,48,389,48389
2703,226,48,391,48391
2704,20,48,393,48393
2705,152,48,395,48395
2706,1063,48,397,48397
2707,108,48,399,48399
2708,1425,48,401,48401
2709,82,48,403,48403
2710,98,48,405,48405
2711,140,48,407,48407
2712,4919,48,409,48409
2713,31,48,411,48411
2714,109,48,413,48413
2715,500,48,415,48415
2716,35,48,417,48417
2717,716,48,419,48419
2718,19,48,421,48421
2719,3401,48,423,48423
2720,289,48,425,48425
2721,277,48,427,48427
2722,341,48,429,48429
2723,32,48,431,48431
2724,75,48,433,48433
2725,125,48,435,48435
2726,58,48,437,48437
2727,37738,48,439,48439
2728,3153,48,441,48441
2729,5,48,443,48443
2730,107,48,445,48445
2731,27,48,447,48447
2732,278,48,449,48449
2733,2027,48,451,48451
2734,28960,48,453,48453
2735,82,48,455,48455
2736,82,48,457,48457
2737,588,48,459,48459
2738,64,48,461,48461
2739,240,48,463,48463
2740,417,48,465,48465
2741,938,48,467,48467
2742,2107,48,469,48469
2743,709,48,471,48471
2744,742,48,473,48473
2745,249,48,475,48475
2746,563,48,477,48477
2747,2277,48,479,48479
2748,665,48,481,48481
2749,212,48,483,48483
2750,1894,48,485,48485
2751,115,48,487,48487
2752,71,48,489,48489
2753,8589,48,491,48491
2754,476,48,493,48493
2755,298,48,495,48495
2756,1070,48,497,48497
2757,386,48,499,48499
2758,404,48,501,48501
2759,259,48,503,48503
2760,686,48,505,48505
2761,105,48,507,48507
2762,96,49,001,49001
2763,926,49,003,49003
2764,1848,49,005,49005
2765,382,49,007,49007
2766,13,49,009,49009
2767,6858,49,011,49011
2768,719,49,013,49013
2769,341,49,015,49015
2770,59,49,017,49017
2771,156,49,019,49019
2772,527,49,021,49021
2773,206,49,023,49023
2774,79,49,025,49025
2775,85,49,027,49027
2776,270,49,029,49029
2777,0,49,031,49031
2778,34,49,033,49033
2779,28075,49,035,49035
2780,301,49,037,49037
2781,241,49,039,49039
2782,254,49,041,49041
2783,914,49,043,49043
2784,626,49,045,49045
2785,1076,49,047,49047
2786,10527,49,049,49049
2787,762,49,051,49051
2788,3332,49,053,49053
2789,68,49,055,49055
2790,4168,49,057,49057
2791,580,50,001,50001
2792,584,50,003,50003
2793,586,50,005,50005
2794,4722,50,007,50007
2795,28,50,009,50009
2796,505,50,011,50011
2797,144,50,013,50013
2798,617,50,015,50015
2799,505,50,017,50017
2800,559,50,019,50019
2801,1257,50,021,50021
2802,1372,50,023,50023
2803,1003,50,025,50025
2804,1208,50,027,50027
2805,452,51,001,51001
2806,2314,51,003,51003
2807,177,51,005,51005
2808,303,51,007,51007
2809,463,51,009,51009
2810,318,51,011,51011
2811,2549,51,013,51013
2812,1780,51,015,51015
2813,156,51,017,51017
2814,1362,51,019,51019
2815,52,51,021,51021
2816,1065,51,023,51023
2817,216,51,025,51025
2818,820,51,027,51027
2819,316,51,029,51029
2820,1808,51,031,51031
2821,347,51,033,51033
2822,538,51,035,51035
2823,161,51,036,51036
2824,42,51,037,51037
2825,7334,51,041,51041
2826,292,51,043,51043
2827,5,51,045,51045
2828,1045,51,047,51047
2829,118,51,049,51049
2830,203,51,051,51051
2831,460,51,053,51053
2832,59,51,057,51057
2833,24169,51,059,51059
2834,2168,51,061,51061
2835,195,51,063,51063
2836,428,51,065,51065
2837,1110,51,067,51067
2838,1928,51,069,51069
2839,346,51,071,51071
2840,608,51,073,51073
2841,1017,51,075,51075
2842,96,51,077,51077
2843,196,51,079,51079
2844,65,51,081,51081
2845,626,51,083,51083
2846,4761,51,085,51085
2847,7939,51,087,51087
2848,618,51,089,51089
2849,50,51,091,51091
2850,415,51,093,51093
2851,1344,51,095,51095
2852,114,51,097,51097
2853,272,51,099,51099
2854,213,51,101,51101
2855,284,51,103,51103
2856,325,51,105,51105
2857,10106,51,107,51107
2858,704,51,109,51109
2859,89,51,111,51111
2860,201,51,113,51113
2861,94,51,115,51115
2862,645,51,117,51117
2863,247,51,119,51119
2864,1188,51,121,51121
2865,253,51,125,51125
2866,688,51,127,51127
2867,75,51,131,51131
2868,251,51,133,51133
2869,136,51,135,51135
2870,400,51,137,51137
2871,233,51,139,51139
2872,135,51,141,51141
2873,992,51,143,51143
2874,1131,51,145,51145
2875,268,51,147,51147
2876,531,51,149,51149
2877,10396,51,153,51153
2878,341,51,155,51155
2879,126,51,157,51157
2880,119,51,159,51159
2881,1089,51,161,51161
2882,417,51,163,51163
2883,2189,51,165,51165
2884,559,51,167,51167
2885,104,51,169,51169
2886,606,51,171,51171
2887,459,51,173,51173
2888,114,51,175,51175
2889,1983,51,177,51177
2890,2364,51,179,51179
2891,77,51,181,51181
2892,132,51,183,51183
2893,750,51,185,51185
2894,406,51,187,51187
2895,658,51,191,51191
2896,189,51,193,51193
2897,1309,51,195,51195
2898,460,51,197,51197
2899,1793,51,199,51199
2900,2674,51,510,51510
2901,533,51,520,51520
2902,23,51,530,51530
2903,1456,51,540,51540
2904,7566,51,550,51550
2905,530,51,570,51570
2906,245,51,580,51580
2907,367,51,590,51590
2908,47,51,595,51595
2909,691,51,600,51600
2910,400,51,610,51610
2911,53,51,620,51620
2912,671,51,630,51630
2913,93,51,640,51640
2914,2137,51,650,51650
2915,931,51,660,51660
2916,548,51,670,51670
2917,114,51,678,51678
2918,1707,51,680,51680
2919,1636,51,683,51683
2920,1205,51,685,51685
2921,124,51,690,51690
2922,2709,51,700,51700
2923,4340,51,710,51710
2924,91,51,720,51720
2925,355,51,730,51730
2926,140,51,735,51735
2927,2011,51,740,51740
2928,125,51,750,51750
2929,7181,51,760,51760
2930,3772,51,770,51770
2931,1244,51,775,51775
2932,298,51,790,51790
2933,1344,51,800,51800
2934,8639,51,810,51810
2935,509,51,820,51820
2936,133,51,830,51830
2937,289,51,840,51840
2938,66,53,001,53001
2939,256,53,003,53003
2940,3850,53,005,53005
2941,942,53,007,53007
2942,775,53,009,53009
2943,7138,53,011,53011
2944,32,53,013,53013
2945,1785,53,015,53015
2946,362,53,017,53017
2947,142,53,019,53019
2948,1227,53,021,53021
2949,0,53,023,53023
2950,994,53,025,53025
2951,669,53,027,53027
2952,552,53,029,53029
2953,326,53,031,53031
2954,43338,53,033,53033
2955,2979,53,035,53035
2956,466,53,037,53037
2957,164,53,039,53039
2958,788,53,041,53041
2959,178,53,043,53043
2960,407,53,045,53045
2961,313,53,047,53047
2962,250,53,049,53049
2963,72,53,051,53051
2964,14056,53,053,53053
2965,512,53,055,53055
2966,2256,53,057,53057
2967,67,53,059,53059
2968,12782,53,061,53061
2969,7325,53,063,53063
2970,365,53,065,53065
2971,2792,53,067,53067
2972,41,53,069,53069
2973,639,53,071,53071
2974,4054,53,073,53073
2975,271,53,075,53075
2976,2193,53,077,53077
2977,187,54,001,54001
2978,1057,54,003,54003
2979,151,54,005,54005
2980,383,54,007,54007
2981,323,54,009,54009
2982,2412,54,011,54011
2983,200,54,013,54013
2984,101,54,015,54015
2985,109,54,017,54017
2986,513,54,019,54019
2987,83,54,021,54021
2988,266,54,023,54023
2989,600,54,025,54025
2990,177,54,027,54027
2991,156,54,029,54029
2992,152,54,031,54031
2993,1935,54,033,54033
2994,358,54,035,54035
2995,421,54,037,54037
2996,5527,54,039,54039
2997,693,54,041,54041
2998,347,54,043,54043
2999,272,54,045,54045
3000,97,54,047,54047
3001,1113,54,049,54049
3002,425,54,051,54051
3003,266,54,053,54053
3004,823,54,055,54055
3005,588,54,057,54057
3006,994,54,059,54059
3007,2274,54,061,54061
3008,168,54,063,54063
3009,96,54,065,54065
3010,439,54,067,54067
3011,1206,54,069,54069
3012,48,54,071,54071
3013,117,54,073,54073
3014,159,54,075,54075
3015,903,54,077,54077
3016,1990,54,079,54079
3017,1704,54,081,54081
3018,674,54,083,54083
3019,180,54,085,54085
3020,224,54,087,54087
3021,104,54,089,54089
3022,189,54,091,54091
3023,185,54,093,54093
3024,101,54,095,54095
3025,606,54,097,54097
3026,446,54,099,54099
3027,85,54,101,54101
3028,599,54,103,54103
3029,66,54,105,54105
3030,1970,54,107,54107
3031,235,54,109,54109
3032,125,55,001,55001
3033,324,55,003,55003
3034,514,55,005,55005
3035,144,55,007,55007
3036,5345,55,009,55009
3037,131,55,011,55011
3038,91,55,013,55013
3039,484,55,015,55015
3040,1019,55,017,55017
3041,389,55,019,55019
3042,721,55,021,55021
3043,127,55,023,55023
3044,10285,55,025,55025
3045,1764,55,027,55027
3046,550,55,029,55029
3047,646,55,031,55031
3048,514,55,033,55033
3049,1399,55,035,55035
3050,48,55,037,55037
3051,1992,55,039,55039
3052,47,55,041,55041
3053,472,55,043,55043
3054,296,55,045,55045
3055,245,55,047,55047
3056,369,55,049,55049
3057,100,55,051,55051
3058,502,55,053,55053
3059,973,55,055,55055
3060,260,55,057,55057
3061,1077,55,059,55059
3062,327,55,061,55061
3063,2186,55,063,55063
3064,138,55,065,55065
3065,168,55,067,55067
3066,278,55,069,55069
3067,1246,55,071,55071
3068,1850,55,073,55073
3069,411,55,075,55075
3070,86,55,077,55077
3071,8357,55,079,55079
3072,569,55,081,55081
3073,306,55,083,55083
3074,645,55,085,55085
3075,5319,55,087,55087
3076,962,55,089,55089
3077,150,55,091,55091
3078,275,55,093,55093
3079,334,55,095,55095
3080,596,55,097,55097
3081,70,55,099,55099
3082,1913,55,101,55101
3083,144,55,103,55103
3084,2046,55,105,55105
3085,61,55,107,55107
3086,968,55,109,55109
3087,1213,55,111,55111
3088,138,55,113,55113
3089,294,55,115,55115
3090,1769,55,117,55117
3091,160,55,119,55119
3092,263,55,121,55121
3093,159,55,123,55123
3094,327,55,125,55125
3095,959,55,127,55127
3096,95,55,129,55129
3097,1760,55,131,55131
3098,10846,55,133,55133
3099,571,55,135,55135
3100,186,55,137,55137
3101,4247,55,139,55139
3102,1096,55,141,55141
3103,596,56,001,56001
3104,263,56,003,56003
3105,2294,56,005,56005
3106,384,56,007,56007
3107,413,56,009,56009
3108,157,56,011,56011
3109,918,56,013,56013
3110,206,56,015,56015
3111,70,56,017,56017
3112,264,56,019,56019
3113,2425,56,021,56021
3114,676,56,023,56023
3115,2582,56,025,56025
3116,46,56,027,56027
3117,920,56,029,56029
3118,153,56,031,56031
3119,895,56,033,56033
3120,659,56,035,56035
3121,1506,56,037,56037
3122,1458,56,039,56039
3123,1054,56,041,56041
3124,246,56,043,56043
3125,127,56,045,56045
